AFC Bournemouth, 1-2, Sunderland, 2016, 11, http://www.bbc.com/sport/football/37808235
Burnley, 3-2, Crystal Palace, 2016, 11, http://www.bbc.com/sport/football/37808324
Manchester City, 1-1, Middlesbrough, 2016, 11, http://www.bbc.com/sport/football/37808310
West Ham United, 1-1, Stoke City, 2016, 11, http://www.bbc.com/sport/football/37808219
Chelsea, 5-0, Everton, 2016, 11, http://www.bbc.com/sport/football/37808311
Arsenal, 1-1, Tottenham Hotspur, 2016, 11, http://www.bbc.com/sport/football/37814331
Hull City, 2-1, Southampton, 2016, 11, http://www.bbc.com/sport/football/37814323
Liverpool, 6-1, Watford, 2016, 11, http://www.bbc.com/sport/football/37814248
Swansea City, 1-3, Manchester United, 2016, 11, http://www.bbc.com/sport/football/37814290
Leicester City, 1-2, West Bromwich Albion, 2016, 11, http://www.bbc.com/sport/football/37814275
Manchester United, 1-1, Arsenal, 2016, 11, http://www.bbc.com/sport/football/37959760
Crystal Palace, 1-2, Manchester City, 2016, 11, http://www.bbc.com/sport/football/37959793
Everton, 1-1, Swansea City, 2016, 11, http://www.bbc.com/sport/football/37959842
Southampton, 0-0, Liverpool, 2016, 11, http://www.bbc.com/sport/football/37959761
Stoke City, 0-1, AFC Bournemouth, 2016, 11, http://www.bbc.com/sport/football/37959843
Sunderland, 3-0, Hull City, 2016, 11, http://www.bbc.com/sport/football/37959901
Watford, 2-1, Leicester City, 2016, 11, http://www.bbc.com/sport/football/37959794
Tottenham Hotspur, 3-2, West Ham United, 2016, 11, http://www.bbc.com/sport/football/37959870
Middlesbrough, 0-1, Chelsea, 2016, 11, http://www.bbc.com/sport/football/37965475
West Bromwich Albion, 4-0, Burnley, 2016, 11, http://www.bbc.com/sport/football/37970618
Burnley, 1-2, Manchester City, 2016, 11, http://www.bbc.com/sport/football/38036030
Hull City, 1-1, West Bromwich Albion, 2016, 11, http://www.bbc.com/sport/football/38036081
Leicester City, 2-2, Middlesbrough, 2016, 11, http://www.bbc.com/sport/football/38036032
Liverpool, 2-0, Sunderland, 2016, 11, http://www.bbc.com/sport/football/38036078
Swansea City, 5-4, Crystal Palace, 2016, 11, http://www.bbc.com/sport/football/38036022
Chelsea, 2-1, Tottenham Hotspur, 2016, 11, http://www.bbc.com/sport/football/38036029
Watford, 0-1, Stoke City, 2016, 11, http://www.bbc.com/sport/football/38041936
Arsenal, 3-1, AFC Bournemouth, 2016, 11, http://www.bbc.com/sport/football/38041874
Manchester United, 1-1, West Ham United, 2016, 11, http://www.bbc.com/sport/football/38041957
Southampton, 1-0, Everton, 2016, 11, http://www.bbc.com/sport/football/38041922
Manchester City, 1-3, Chelsea, 2016, 12, http://www.bbc.com/sport/football/38113781
Crystal Palace, 3-0, Southampton, 2016, 12, http://www.bbc.com/sport/football/38114031
Stoke City, 2-0, Burnley, 2016, 12, http://www.bbc.com/sport/football/38113851
Sunderland, 2-1, Leicester City, 2016, 12, http://www.bbc.com/sport/football/38114032
Tottenham Hotspur, 5-0, Swansea City, 2016, 12, http://www.bbc.com/sport/football/38113782
West Bromwich Albion, 3-1, Watford, 2016, 12, http://www.bbc.com/sport/football/38113785
West Ham United, 1-5, Arsenal, 2016, 12, http://www.bbc.com/sport/football/38113792
AFC Bournemouth, 4-3, Liverpool, 2016, 12, http://www.bbc.com/sport/football/38121184
Everton, 1-1, Manchester United, 2016, 12, http://www.bbc.com/sport/football/38121198
Middlesbrough, 1-0, Hull City, 2016, 12, http://www.bbc.com/sport/football/38126829
Watford, 3-2, Everton, 2016, 12, http://www.bbc.com/sport/football/38193517
Arsenal, 3-1, Stoke City, 2016, 12, http://www.bbc.com/sport/football/38193110
Burnley, 3-2, AFC Bournemouth, 2016, 12, http://www.bbc.com/sport/football/38193053
Hull City, 3-3, Crystal Palace, 2016, 12, http://www.bbc.com/sport/football/38193059
Swansea City, 3-0, Sunderland, 2016, 12, http://www.bbc.com/sport/football/38193524
Leicester City, 4-2, Manchester City, 2016, 12, http://www.bbc.com/sport/football/38193109
Chelsea, 1-0, West Bromwich Albion, 2016, 12, http://www.bbc.com/sport/football/38199046
Manchester United, 1-0, Tottenham Hotspur, 2016, 12, http://www.bbc.com/sport/football/38199123
Southampton, 1-0, Middlesbrough, 2016, 12, http://www.bbc.com/sport/football/38199067
Liverpool, 2-2, West Ham United, 2016, 12, http://www.bbc.com/sport/football/38199047
AFC Bournemouth, 1-0, Leicester City, 2016, 12, http://www.bbc.com/sport/football/38217809
Everton, 2-1, Arsenal, 2016, 12, http://www.bbc.com/sport/football/38217805
Middlesbrough, 0-3, Liverpool, 2016, 12, http://www.bbc.com/sport/football/38232292
Sunderland, 0-1, Chelsea, 2016, 12, http://www.bbc.com/sport/football/38232212
West Ham United, 1-0, Burnley, 2016, 12, http://www.bbc.com/sport/football/38232133
Crystal Palace, 1-2, Manchester United, 2016, 12, http://www.bbc.com/sport/football/38232224
Manchester City, 2-0, Watford, 2016, 12, http://www.bbc.com/sport/football/38232213
Stoke City, 0-0, Southampton, 2016, 12, http://www.bbc.com/sport/football/38232214
Tottenham Hotspur, 3-0, Hull City, 2016, 12, http://www.bbc.com/sport/football/38232215
West Bromwich Albion, 3-1, Swansea City, 2016, 12, http://www.bbc.com/sport/football/38232131
Crystal Palace, 0-1, Chelsea, 2016, 12, http://www.bbc.com/sport/football/38272816
Middlesbrough, 3-0, Swansea City, 2016, 12, http://www.bbc.com/sport/football/38273593
Stoke City, 2-2, Leicester City, 2016, 12, http://www.bbc.com/sport/football/38272819
Sunderland, 1-0, Watford, 2016, 12, http://www.bbc.com/sport/football/38272713
West Ham United, 1-0, Hull City, 2016, 12, http://www.bbc.com/sport/football/38272716
West Bromwich Albion, 0-2, Manchester United, 2016, 12, http://www.bbc.com/sport/football/38273592
AFC Bournemouth, 1-3, Southampton, 2016, 12, http://www.bbc.com/sport/football/38279247
Manchester City, 2-1, Arsenal, 2016, 12, http://www.bbc.com/sport/football/38279282
Tottenham Hotspur, 2-1, Burnley, 2016, 12, http://www.bbc.com/sport/football/38279335
Everton, 0-1, Liverpool, 2016, 12, http://www.bbc.com/sport/football/38285256
Watford, 1-1, Crystal Palace, 2016, 12, http://www.bbc.com/sport/football/38361127
Arsenal, 1-0, West Bromwich Albion, 2016, 12, http://www.bbc.com/sport/football/38361074
Burnley, 1-0, Middlesbrough, 2016, 12, http://www.bbc.com/sport/football/38361151
Chelsea, 3-0, AFC Bournemouth, 2016, 12, http://www.bbc.com/sport/football/38361150
Leicester City, 0-2, Everton, 2016, 12, http://www.bbc.com/sport/football/38361078
Manchester United, 3-1, Sunderland, 2016, 12, http://www.bbc.com/sport/football/38361122
Swansea City, 1-4, West Ham United, 2016, 12, http://www.bbc.com/sport/football/38361171
Hull City, 0-3, Manchester City, 2016, 12, http://www.bbc.com/sport/football/38361124
Liverpool, 4-1, Stoke City, 2016, 12, http://www.bbc.com/sport/football/38375153
Southampton, 1-4, Tottenham Hotspur, 2016, 12, http://www.bbc.com/sport/football/38387814
Hull City, 2-2, Everton, 2016, 12, http://www.bbc.com/sport/football/38412499
Burnley, 4-1, Sunderland, 2016, 12, http://www.bbc.com/sport/football/38424664
Chelsea, 4-2, Stoke City, 2016, 12, http://www.bbc.com/sport/football/38424663
Leicester City, 1-0, West Ham United, 2016, 12, http://www.bbc.com/sport/football/38424649
Manchester United, 2-1, Middlesbrough, 2016, 12, http://www.bbc.com/sport/football/38424650
Southampton, 1-2, West Bromwich Albion, 2016, 12, http://www.bbc.com/sport/football/38424666
Swansea City, 0-3, AFC Bournemouth, 2016, 12, http://www.bbc.com/sport/football/38424667
Liverpool, 1-0, Manchester City, 2016, 12, http://www.bbc.com/sport/football/38424665
Watford, 1-4, Tottenham Hotspur, 2017, 1, http://www.bbc.com/sport/football/38429666
Arsenal, 2-0, Crystal Palace, 2017, 1, http://www.bbc.com/sport/football/38429686
Middlesbrough, 0-0, Leicester City, 2017, 1, http://www.bbc.com/sport/football/38433596
Everton, 3-0, Southampton, 2017, 1, http://www.bbc.com/sport/football/38433524
Manchester City, 2-1, Burnley, 2017, 1, http://www.bbc.com/sport/football/38433598
Sunderland, 2-2, Liverpool, 2017, 1, http://www.bbc.com/sport/football/38433522
West Bromwich Albion, 3-1, Hull City, 2017, 1, http://www.bbc.com/sport/football/38433597
West Ham United, 0-2, Manchester United, 2017, 1, http://www.bbc.com/sport/football/38433519
AFC Bournemouth, 3-3, Arsenal, 2017, 1, http://www.bbc.com/sport/football/38440999
Crystal Palace, 1-2, Swansea City, 2017, 1, http://www.bbc.com/sport/football/38441016
Stoke City, 2-0, Watford, 2017, 1, http://www.bbc.com/sport/football/38440966
Tottenham Hotspur, 2-0, Chelsea, 2017, 1, http://www.bbc.com/sport/football/38447903
Tottenham Hotspur, 4-0, West Bromwich Albion, 2017, 1, http://www.bbc.com/sport/football/38539373
Burnley, 1-0, Southampton, 2017, 1, http://www.bbc.com/sport/football/38539372
Hull City, 3-1, AFC Bournemouth, 2017, 1, http://www.bbc.com/sport/football/38539371
Sunderland, 1-3, Stoke City, 2017, 1, http://www.bbc.com/sport/football/38539374
Swansea City, 0-4, Arsenal, 2017, 1, http://www.bbc.com/sport/football/38539469
Watford, 0-0, Middlesbrough, 2017, 1, http://www.bbc.com/sport/football/38539448
West Ham United, 3-0, Crystal Palace, 2017, 1, http://www.bbc.com/sport/football/38539427
Leicester City, 0-3, Chelsea, 2017, 1, http://www.bbc.com/sport/football/38539716
Everton, 4-0, Manchester City, 2017, 1, http://www.bbc.com/sport/football/38545988
Manchester United, 1-1, Liverpool, 2017, 1, http://www.bbc.com/sport/football/38545987
Liverpool, 2-3, Swansea City, 2017, 1, http://www.bbc.com/sport/football/38620045
AFC Bournemouth, 2-2, Watford, 2017, 1, http://www.bbc.com/sport/football/38620044
Crystal Palace, 0-1, Everton, 2017, 1, http://www.bbc.com/sport/football/38620112
Middlesbrough, 1-3, West Ham United, 2017, 1, http://www.bbc.com/sport/football/38620043
Stoke City, 1-1, Manchester United, 2017, 1, http://www.bbc.com/sport/football/38620111
West Bromwich Albion, 2-0, Sunderland, 2017, 1, http://www.bbc.com/sport/football/38620042
Manchester City, 2-2, Tottenham Hotspur, 2017, 1, http://www.bbc.com/sport/football/38620041
Southampton, 3-0, Leicester City, 2017, 1, http://www.bbc.com/sport/football/38626831
Arsenal, 2-1, Burnley, 2017, 1, http://www.bbc.com/sport/football/38626832
Chelsea, 2-0, Hull City, 2017, 1, http://www.bbc.com/sport/football/38626732
Arsenal, 1-2, Watford, 2017, 1, http://www.bbc.com/sport/football/38727389
AFC Bournemouth, 0-2, Crystal Palace, 2017, 1, http://www.bbc.com/sport/football/38727464
Burnley, 1-0, Leicester City, 2017, 1, http://www.bbc.com/sport/football/38727457
Middlesbrough, 1-1, West Bromwich Albion, 2017, 1, http://www.bbc.com/sport/football/38727329
Sunderland, 0-0, Tottenham Hotspur, 2017, 1, http://www.bbc.com/sport/football/38727319
Swansea City, 2-1, Southampton, 2017, 1, http://www.bbc.com/sport/football/38727330
Liverpool, 1-1, Chelsea, 2017, 1, http://www.bbc.com/sport/football/38727326
West Ham United, 0-4, Manchester City, 2017, 2, http://www.bbc.com/sport/football/38740421
Manchester United, 0-0, Hull City, 2017, 2, http://www.bbc.com/sport/football/38740420
Stoke City, 1-1, Everton, 2017, 2, http://www.bbc.com/sport/football/38740422
Chelsea, 3-1, Arsenal, 2017, 2, http://www.bbc.com/sport/football/38779302
Crystal Palace, 0-4, Sunderland, 2017, 2, http://www.bbc.com/sport/football/38779236
Everton, 6-3, AFC Bournemouth, 2017, 2, http://www.bbc.com/sport/football/38779235
Hull City, 2-0, Liverpool, 2017, 2, http://www.bbc.com/sport/football/38779233
Southampton, 1-3, West Ham United, 2017, 2, http://www.bbc.com/sport/football/38779644
Watford, 2-1, Burnley, 2017, 2, http://www.bbc.com/sport/football/38779314
West Bromwich Albion, 1-0, Stoke City, 2017, 2, http://www.bbc.com/sport/football/38779287
Tottenham Hotspur, 1-0, Middlesbrough, 2017, 2, http://www.bbc.com/sport/football/38779238
Manchester City, 2-1, Swansea City, 2017, 2, http://www.bbc.com/sport/football/38786558
Leicester City, 0-3, Manchester United, 2017, 2, http://www.bbc.com/sport/football/38786544
Arsenal, 2-0, Hull City, 2017, 2, http://www.bbc.com/sport/football/38865319
Manchester United, 2-0, Watford, 2017, 2, http://www.bbc.com/sport/football/38865235
Middlesbrough, 0-0, Everton, 2017, 2, http://www.bbc.com/sport/football/38865239
Stoke City, 1-0, Crystal Palace, 2017, 2, http://www.bbc.com/sport/football/38865291
Sunderland, 0-4, Southampton, 2017, 2, http://www.bbc.com/sport/football/38865159
West Ham United, 2-2, West Bromwich Albion, 2017, 2, http://www.bbc.com/sport/football/38865237
Liverpool, 2-0, Tottenham Hotspur, 2017, 2, http://www.bbc.com/sport/football/38865320
Burnley, 1-1, Chelsea, 2017, 2, http://www.bbc.com/sport/football/38871559
Swansea City, 2-0, Leicester City, 2017, 2, http://www.bbc.com/sport/football/38871532
AFC Bournemouth, 0-2, Manchester City, 2017, 2, http://www.bbc.com/sport/football/38876924
Chelsea, 3-1, Swansea City, 2017, 2, http://www.bbc.com/sport/football/39012181
Crystal Palace, 1-0, Middlesbrough, 2017, 2, http://www.bbc.com/sport/football/39012179
Everton, 2-0, Sunderland, 2017, 2, http://www.bbc.com/sport/football/39012183
Hull City, 1-1, Burnley, 2017, 2, http://www.bbc.com/sport/football/39012177
West Bromwich Albion, 2-1, AFC Bournemouth, 2017, 2, http://www.bbc.com/sport/football/39012226
Watford, 1-1, West Ham United, 2017, 2, http://www.bbc.com/sport/football/39012233
Tottenham Hotspur, 4-0, Stoke City, 2017, 2, http://www.bbc.com/sport/football/39018820
Leicester City, 3-1, Liverpool, 2017, 2, http://www.bbc.com/sport/football/39024318
Manchester United, 1-1, AFC Bournemouth, 2017, 3, http://www.bbc.com/sport/football/39086674
Leicester City, 3-1, Hull City, 2017, 3, http://www.bbc.com/sport/football/39086672
Stoke City, 2-0, Middlesbrough, 2017, 3, http://www.bbc.com/sport/football/39086670
Swansea City, 3-2, Burnley, 2017, 3, http://www.bbc.com/sport/football/39086673
Watford, 3-4, Southampton, 2017, 3, http://www.bbc.com/sport/football/39086731
West Bromwich Albion, 0-2, Crystal Palace, 2017, 3, http://www.bbc.com/sport/football/39086671
Liverpool, 3-1, Arsenal, 2017, 3, http://www.bbc.com/sport/football/39086717
Tottenham Hotspur, 3-2, Everton, 2017, 3, http://www.bbc.com/sport/football/39093822
Sunderland, 0-2, Manchester City, 2017, 3, http://www.bbc.com/sport/football/39093809
West Ham United, 1-2, Chelsea, 2017, 3, http://www.bbc.com/sport/football/39099634
Manchester City, 0-0, Stoke City, 2017, 3, http://www.bbc.com/sport/football/39136972
AFC Bournemouth, 3-2, West Ham United, 2017, 3, http://www.bbc.com/sport/football/39163776
Everton, 3-0, West Bromwich Albion, 2017, 3, http://www.bbc.com/sport/football/39163818
Hull City, 2-1, Swansea City, 2017, 3, http://www.bbc.com/sport/football/39163820
Liverpool, 2-1, Burnley, 2017, 3, http://www.bbc.com/sport/football/39170671
West Bromwich Albion, 3-1, Arsenal, 2017, 3, http://www.bbc.com/sport/football/39240147
Crystal Palace, 1-0, Watford, 2017, 3, http://www.bbc.com/sport/football/39240281
Everton, 4-0, Hull City, 2017, 3, http://www.bbc.com/sport/football/39240119
Stoke City, 1-2, Chelsea, 2017, 3, http://www.bbc.com/sport/football/39240187
Sunderland, 0-0, Burnley, 2017, 3, http://www.bbc.com/sport/football/39240146
West Ham United, 2-3, Leicester City, 2017, 3, http://www.bbc.com/sport/football/39240120
AFC Bournemouth, 2-0, Swansea City, 2017, 3, http://www.bbc.com/sport/football/39240145
Middlesbrough, 1-3, Manchester United, 2017, 3, http://www.bbc.com/sport/football/39246750
Tottenham Hotspur, 2-1, Southampton, 2017, 3, http://www.bbc.com/sport/football/39246612
Manchester City, 1-1, Liverpool, 2017, 3, http://www.bbc.com/sport/football/39246699
Liverpool, 3-1, Everton, 2017, 4, http://www.bbc.com/sport/football/39390276
Burnley, 0-2, Tottenham Hotspur, 2017, 4, http://www.bbc.com/sport/football/39390125
Chelsea, 1-2, Crystal Palace, 2017, 4, http://www.bbc.com/sport/football/39390083
Hull City, 2-1, West Ham United, 2017, 4, http://www.bbc.com/sport/football/39390080
Leicester City, 2-0, Stoke City, 2017, 4, http://www.bbc.com/sport/football/39390081
Manchester United, 0-0, West Bromwich Albion, 2017, 4, http://www.bbc.com/sport/football/39390123
Watford, 1-0, Sunderland, 2017, 4, http://www.bbc.com/sport/football/39390277
Southampton, 0-0, AFC Bournemouth, 2017, 4, http://www.bbc.com/sport/football/39390082
Swansea City, 0-0, Middlesbrough, 2017, 4, http://www.bbc.com/sport/football/39396461
Arsenal, 2-2, Manchester City, 2017, 4, http://www.bbc.com/sport/football/39396482
Burnley, 1-0, Stoke City, 2017, 4, http://www.bbc.com/sport/football/39414145
Leicester City, 2-0, Sunderland, 2017, 4, http://www.bbc.com/sport/football/39414201
Watford, 2-0, West Bromwich Albion, 2017, 4, http://www.bbc.com/sport/football/39414150
Manchester United, 1-1, Everton, 2017, 4, http://www.bbc.com/sport/football/39414200
Arsenal, 3-0, West Ham United, 2017, 4, http://www.bbc.com/sport/football/39426761
Hull City, 4-2, Middlesbrough, 2017, 4, http://www.bbc.com/sport/football/39426885
Southampton, 3-1, Crystal Palace, 2017, 4, http://www.bbc.com/sport/football/39426765
Swansea City, 1-3, Tottenham Hotspur, 2017, 4, http://www.bbc.com/sport/football/39426837
Chelsea, 2-1, Manchester City, 2017, 4, http://www.bbc.com/sport/football/39426884
Liverpool, 2-2, AFC Bournemouth, 2017, 4, http://www.bbc.com/sport/football/39426760
Tottenham Hotspur, 4-0, Watford, 2017, 4, http://www.bbc.com/sport/football/39463992
Manchester City, 3-1, Hull City, 2017, 4, http://www.bbc.com/sport/football/39463997
Middlesbrough, 0-0, Burnley, 2017, 4, http://www.bbc.com/sport/football/39463994
Stoke City, 1-2, Liverpool, 2017, 4, http://www.bbc.com/sport/football/39463995
West Bromwich Albion, 0-1, Southampton, 2017, 4, http://www.bbc.com/sport/football/39464041
West Ham United, 1-0, Swansea City, 2017, 4, http://www.bbc.com/sport/football/39463996
AFC Bournemouth, 1-3, Chelsea, 2017, 4, http://www.bbc.com/sport/football/39464042
Sunderland, 0-3, Manchester United, 2017, 4, http://www.bbc.com/sport/football/39470442
Everton, 4-2, Leicester City, 2017, 4, http://www.bbc.com/sport/football/39470449
Crystal Palace, 3-0, Arsenal, 2017, 4, http://www.bbc.com/sport/football/39475561
Tottenham Hotspur, 4-0, AFC Bournemouth, 2017, 4, http://www.bbc.com/sport/football/39536679
Crystal Palace, 2-2, Leicester City, 2017, 4, http://www.bbc.com/sport/football/39536731
Everton, 3-1, Burnley, 2017, 4, http://www.bbc.com/sport/football/39536681
Stoke City, 3-1, Hull City, 2017, 4, http://www.bbc.com/sport/football/39536677
Sunderland, 2-2, West Ham United, 2017, 4, http://www.bbc.com/sport/football/39536676
Watford, 1-0, Swansea City, 2017, 4, http://www.bbc.com/sport/football/39536678
Southampton, 0-3, Manchester City, 2017, 4, http://www.bbc.com/sport/football/39536675
West Bromwich Albion, 0-1, Liverpool, 2017, 4, http://www.bbc.com/sport/football/39543147
Manchester United, 2-0, Chelsea, 2017, 4, http://www.bbc.com/sport/football/39543146
Middlesbrough, 1-2, Arsenal, 2017, 4, http://www.bbc.com/sport/football/39550227
AFC Bournemouth, 4-0, Middlesbrough, 2017, 4, http://www.bbc.com/sport/football/39605150
Hull City, 2-0, Watford, 2017, 4, http://www.bbc.com/sport/football/39605119
Swansea City, 2-0, Stoke City, 2017, 4, http://www.bbc.com/sport/football/39605115
West Ham United, 0-0, Everton, 2017, 4, http://www.bbc.com/sport/football/39605118
Burnley, 0-2, Manchester United, 2017, 4, http://www.bbc.com/sport/football/39612236
Liverpool, 1-2, Crystal Palace, 2017, 4, http://www.bbc.com/sport/football/39612237
Chelsea, 4-2, Southampton, 2017, 4, http://www.bbc.com/sport/football/39625846
Arsenal, 1-0, Leicester City, 2017, 4, http://www.bbc.com/sport/football/39164091
Middlesbrough, 1-0, Sunderland, 2017, 4, http://www.bbc.com/sport/football/39163993
Crystal Palace, 0-1, Tottenham Hotspur, 2017, 4, http://www.bbc.com/sport/football/39164098
Manchester City, 0-0, Manchester United, 2017, 4, http://www.bbc.com/sport/football/39018821
Southampton, 0-0, Hull City, 2017, 4, http://www.bbc.com/sport/football/39676469
Stoke City, 0-0, West Ham United, 2017, 4, http://www.bbc.com/sport/football/39676419
Sunderland, 0-1, AFC Bournemouth, 2017, 4, http://www.bbc.com/sport/football/39676422
West Bromwich Albion, 0-1, Leicester City, 2017, 4, http://www.bbc.com/sport/football/39676468
Crystal Palace, 0-2, Burnley, 2017, 4, http://www.bbc.com/sport/football/39676420
Manchester United, 1-1, Swansea City, 2017, 4, http://www.bbc.com/sport/football/39682899
Everton, 0-3, Chelsea, 2017, 4, http://www.bbc.com/sport/football/39682871
Middlesbrough, 2-2, Manchester City, 2017, 4, http://www.bbc.com/sport/football/39682898
Tottenham Hotspur, 2-0, Arsenal, 2017, 4, http://www.bbc.com/sport/football/39682885
Watford, 0-1, Liverpool, 2017, 5, http://www.bbc.com/sport/football/39689205
West Ham United, 1-0, Tottenham Hotspur, 2017, 5, http://www.bbc.com/sport/football/39741514
Manchester City, 5-0, Crystal Palace, 2017, 5, http://www.bbc.com/sport/football/39754032
AFC Bournemouth, 2-2, Stoke City, 2017, 5, http://www.bbc.com/sport/football/39754031
Burnley, 2-2, West Bromwich Albion, 2017, 5, http://www.bbc.com/sport/football/39754028
Hull City, 0-2, Sunderland, 2017, 5, http://www.bbc.com/sport/football/39754030
Leicester City, 3-0, Watford, 2017, 5, http://www.bbc.com/sport/football/39754029
Swansea City, 1-0, Everton, 2017, 5, http://www.bbc.com/sport/football/39754033
Liverpool, 0-0, Southampton, 2017, 5, http://www.bbc.com/sport/football/39760509
Arsenal, 2-0, Manchester United, 2017, 5, http://www.bbc.com/sport/football/39760508
Chelsea, 3-0, Middlesbrough, 2017, 5, http://www.bbc.com/sport/football/39767793
Southampton, 0-2, Arsenal, 2017, 5, http://www.bbc.com/sport/football/39012178
Everton, 1-0, Watford, 2017, 5, http://www.bbc.com/sport/football/39813797
West Bromwich Albion, 0-1, Chelsea, 2017, 5, http://www.bbc.com/sport/football/39813798
Manchester City, 2-1, Leicester City, 2017, 5, http://www.bbc.com/sport/football/39827546
AFC Bournemouth, 2-1, Burnley, 2017, 5, http://www.bbc.com/sport/football/39827550
Middlesbrough, 1-2, Southampton, 2017, 5, http://www.bbc.com/sport/football/39827552
Sunderland, 0-2, Swansea City, 2017, 5, http://www.bbc.com/sport/football/39827548
Stoke City, 1-4, Arsenal, 2017, 5, http://www.bbc.com/sport/football/39827551
Crystal Palace, 4-0, Hull City, 2017, 5, http://www.bbc.com/sport/football/39833968
West Ham United, 0-4, Liverpool, 2017, 5, http://www.bbc.com/sport/football/39833967
Tottenham Hotspur, 2-1, Manchester United, 2017, 5, http://www.bbc.com/sport/football/39833969
Chelsea, 4-3, Watford, 2017, 5, http://www.bbc.com/sport/football/39176057
Arsenal, 2-0, Sunderland, 2017, 5, http://www.bbc.com/sport/football/39853089
Manchester City, 3-1, West Bromwich Albion, 2017, 5, http://www.bbc.com/sport/football/39853090
Southampton, 0-0, Manchester United, 2017, 5, http://www.bbc.com/sport/football/39170670
Leicester City, 1-6, Tottenham Hotspur, 2017, 5, http://www.bbc.com/sport/football/39879805
Arsenal, 3-1, Everton, 2017, 5, http://www.bbc.com/sport/football/39912025
Burnley, 1-2, West Ham United, 2017, 5, http://www.bbc.com/sport/football/39912028
Chelsea, 5-1, Sunderland, 2017, 5, http://www.bbc.com/sport/football/39912027
Hull City, 1-7, Tottenham Hotspur, 2017, 5, http://www.bbc.com/sport/football/39912022
Leicester City, 1-1, AFC Bournemouth, 2017, 5, http://www.bbc.com/sport/football/39912024
Liverpool, 3-0, Middlesbrough, 2017, 5, http://www.bbc.com/sport/football/39912029
Manchester United, 2-0, Crystal Palace, 2017, 5, http://www.bbc.com/sport/football/39912026
Southampton, 0-1, Stoke City, 2017, 5, http://www.bbc.com/sport/football/39912023
Swansea City, 2-1, West Bromwich Albion, 2017, 5, http://www.bbc.com/sport/football/39912021
Watford, 0-5, Manchester City, 2017, 5, http://www.bbc.com/sport/football/39912032
Arsenal, 4-3, Leicester City, 2017, 8, http://www.bbc.com/sport/football/40822513
Watford, 3-3, Liverpool, 2017, 8, http://www.bbc.com/sport/football/40835424
Chelsea, 2-3, Burnley, 2017, 8, http://www.bbc.com/sport/football/40835426
Crystal Palace, 0-3, Huddersfield Town, 2017, 8, http://www.bbc.com/sport/football/40835421
Everton, 1-0, Stoke City, 2017, 8, http://www.bbc.com/sport/football/40835425
Southampton, 0-0, Swansea City, 2017, 8, http://www.bbc.com/sport/football/40835420
West Bromwich Albion, 1-0, AFC Bournemouth, 2017, 8, http://www.bbc.com/sport/football/40835423
Brighton & Hove Albion, 0-2, Manchester City, 2017, 8, http://www.bbc.com/sport/football/40835422
Newcastle United, 0-2, Tottenham Hotspur, 2017, 8, http://www.bbc.com/sport/football/40841359
Manchester United, 4-0, West Ham United, 2017, 8, http://www.bbc.com/sport/football/40841358
Swansea City, 0-4, Manchester United, 2017, 8, http://www.bbc.com/sport/football/40908331
AFC Bournemouth, 0-2, Watford, 2017, 8, http://www.bbc.com/sport/football/40908335
Burnley, 0-1, West Bromwich Albion, 2017, 8, http://www.bbc.com/sport/football/40908334
Leicester City, 2-0, Brighton & Hove Albion, 2017, 8, http://www.bbc.com/sport/football/40908332
Liverpool, 1-0, Crystal Palace, 2017, 8, http://www.bbc.com/sport/football/40908329
Southampton, 3-2, West Ham United, 2017, 8, http://www.bbc.com/sport/football/40908330
Stoke City, 1-0, Arsenal, 2017, 8, http://www.bbc.com/sport/football/40908333
Huddersfield Town, 1-0, Newcastle United, 2017, 8, http://www.bbc.com/sport/football/40914669
Tottenham Hotspur, 1-2, Chelsea, 2017, 8, http://www.bbc.com/sport/football/40914668
Manchester City, 1-1, Everton, 2017, 8, http://www.bbc.com/sport/football/40920114
AFC Bournemouth, 1-2, Manchester City, 2017, 8, http://www.bbc.com/sport/football/40984015
Crystal Palace, 0-2, Swansea City, 2017, 8, http://www.bbc.com/sport/football/40984018
Huddersfield Town, 0-0, Southampton, 2017, 8, http://www.bbc.com/sport/football/40984014
Newcastle United, 3-0, West Ham United, 2017, 8, http://www.bbc.com/sport/football/40984016
Watford, 0-0, Brighton & Hove Albion, 2017, 8, http://www.bbc.com/sport/football/40984013
Manchester United, 2-0, Leicester City, 2017, 8, http://www.bbc.com/sport/football/40984017
Chelsea, 2-0, Everton, 2017, 8, http://www.bbc.com/sport/football/40990428
West Bromwich Albion, 1-1, Stoke City, 2017, 8, http://www.bbc.com/sport/football/40990429
Liverpool, 4-0, Arsenal, 2017, 8, http://www.bbc.com/sport/football/40990427
Tottenham Hotspur, 1-1, Burnley, 2017, 8, http://www.bbc.com/sport/football/40990430
Manchester City, 5-0, Liverpool, 2017, 9, http://www.bbc.com/sport/football/41133350
Arsenal, 3-0, AFC Bournemouth, 2017, 9, http://www.bbc.com/sport/football/41133353
Brighton & Hove Albion, 3-1, West Bromwich Albion, 2017, 9, http://www.bbc.com/sport/football/41133349
Everton, 0-3, Tottenham Hotspur, 2017, 9, http://www.bbc.com/sport/football/41133351
Leicester City, 1-2, Chelsea, 2017, 9, http://www.bbc.com/sport/football/41133348
Southampton, 0-2, Watford, 2017, 9, http://www.bbc.com/sport/football/41133347
Stoke City, 2-2, Manchester United, 2017, 9, http://www.bbc.com/sport/football/41133352
Burnley, 1-0, Crystal Palace, 2017, 9, http://www.bbc.com/sport/football/41139096
Swansea City, 0-1, Newcastle United, 2017, 9, http://www.bbc.com/sport/football/41139095
West Ham United, 2-0, Huddersfield Town, 2017, 9, http://www.bbc.com/sport/football/41144159
AFC Bournemouth, 2-1, Brighton & Hove Albion, 2017, 9, http://www.bbc.com/sport/football/41196761
Crystal Palace, 0-1, Southampton, 2017, 9, http://www.bbc.com/sport/football/41210053
Huddersfield Town, 1-1, Leicester City, 2017, 9, http://www.bbc.com/sport/football/41210049
Liverpool, 1-1, Burnley, 2017, 9, http://www.bbc.com/sport/football/41210051
Newcastle United, 2-1, Stoke City, 2017, 9, http://www.bbc.com/sport/football/41210052
Watford, 0-6, Manchester City, 2017, 9, http://www.bbc.com/sport/football/41210048
West Bromwich Albion, 0-0, West Ham United, 2017, 9, http://www.bbc.com/sport/football/41210050
Tottenham Hotspur, 0-0, Swansea City, 2017, 9, http://www.bbc.com/sport/football/41210054
Chelsea, 0-0, Arsenal, 2017, 9, http://www.bbc.com/sport/football/41216718
Manchester United, 4-0, Everton, 2017, 9, http://www.bbc.com/sport/football/41216714
West Ham United, 2-3, Tottenham Hotspur, 2017, 9, http://www.bbc.com/sport/football/41290321
Burnley, 0-0, Huddersfield Town, 2017, 9, http://www.bbc.com/sport/football/41290320
Everton, 2-1, AFC Bournemouth, 2017, 9, http://www.bbc.com/sport/football/41290322
Manchester City, 5-0, Crystal Palace, 2017, 9, http://www.bbc.com/sport/football/41290318
Southampton, 0-1, Manchester United, 2017, 9, http://www.bbc.com/sport/football/41290316
Stoke City, 0-4, Chelsea, 2017, 9, http://www.bbc.com/sport/football/41290319
Swansea City, 1-2, Watford, 2017, 9, http://www.bbc.com/sport/football/41290323
Leicester City, 2-3, Liverpool, 2017, 9, http://www.bbc.com/sport/football/41290317
Brighton & Hove Albion, 1-0, Newcastle United, 2017, 9, http://www.bbc.com/sport/football/41297234
Arsenal, 2-0, West Bromwich Albion, 2017, 9, http://www.bbc.com/sport/football/41302628
Huddersfield Town, 0-4, Tottenham Hotspur, 2017, 9, http://www.bbc.com/sport/football/41370360
AFC Bournemouth, 0-0, Leicester City, 2017, 9, http://www.bbc.com/sport/football/41370355
Manchester United, 4-0, Crystal Palace, 2017, 9, http://www.bbc.com/sport/football/41370357
Stoke City, 2-1, Southampton, 2017, 9, http://www.bbc.com/sport/football/41370358
West Bromwich Albion, 2-2, Watford, 2017, 9, http://www.bbc.com/sport/football/41370359
West Ham United, 1-0, Swansea City, 2017, 9, http://www.bbc.com/sport/football/41370354
Chelsea, 0-1, Manchester City, 2017, 9, http://www.bbc.com/sport/football/41370356
Arsenal, 2-0, Brighton & Hove Albion, 2017, 10, http://www.bbc.com/sport/football/41376506
Everton, 0-1, Burnley, 2017, 10, http://www.bbc.com/sport/football/41376505
Newcastle United, 1-1, Liverpool, 2017, 10, http://www.bbc.com/sport/football/41376504
Liverpool, 0-0, Manchester United, 2017, 10, http://www.bbc.com/sport/football/41534299
Burnley, 1-1, West Ham United, 2017, 10, http://www.bbc.com/sport/football/41534303
Crystal Palace, 2-1, Chelsea, 2017, 10, http://www.bbc.com/sport/football/41534304
Manchester City, 7-2, Stoke City, 2017, 10, http://www.bbc.com/sport/football/41534300
Swansea City, 2-0, Huddersfield Town, 2017, 10, http://www.bbc.com/sport/football/41534298
Tottenham Hotspur, 1-0, AFC Bournemouth, 2017, 10, http://www.bbc.com/sport/football/41534301
Watford, 2-1, Arsenal, 2017, 10, http://www.bbc.com/sport/football/41534302
Brighton & Hove Albion, 1-1, Everton, 2017, 10, http://www.bbc.com/sport/football/41541146
Southampton, 2-2, Newcastle United, 2017, 10, http://www.bbc.com/sport/football/41541148
Leicester City, 1-1, West Bromwich Albion, 2017, 10, http://www.bbc.com/sport/football/41547739
West Ham United, 0-3, Brighton & Hove Albion, 2017, 10, http://www.bbc.com/sport/football/41604706
Chelsea, 4-2, Watford, 2017, 10, http://www.bbc.com/sport/football/41618800
Huddersfield Town, 2-1, Manchester United, 2017, 10, http://www.bbc.com/sport/football/41618803
Manchester City, 3-0, Burnley, 2017, 10, http://www.bbc.com/sport/football/41618798
Newcastle United, 1-0, Crystal Palace, 2017, 10, http://www.bbc.com/sport/football/41618802
Stoke City, 1-2, AFC Bournemouth, 2017, 10, http://www.bbc.com/sport/football/41618801
Swansea City, 1-2, Leicester City, 2017, 10, http://www.bbc.com/sport/football/41618799
Southampton, 1-0, West Bromwich Albion, 2017, 10, http://www.bbc.com/sport/football/41618804
Everton, 2-5, Arsenal, 2017, 10, http://www.bbc.com/sport/football/41625741
Tottenham Hotspur, 4-1, Liverpool, 2017, 10, http://www.bbc.com/sport/football/41625743
Manchester United, 1-0, Tottenham Hotspur, 2017, 10, http://www.bbc.com/sport/football/41703864
Arsenal, 2-1, Swansea City, 2017, 10, http://www.bbc.com/sport/football/41703866
Crystal Palace, 2-2, West Ham United, 2017, 10, http://www.bbc.com/sport/football/41703863
Liverpool, 3-0, Huddersfield Town, 2017, 10, http://www.bbc.com/sport/football/41703861
Watford, 0-1, Stoke City, 2017, 10, http://www.bbc.com/sport/football/41703862
West Bromwich Albion, 2-3, Manchester City, 2017, 10, http://www.bbc.com/sport/football/41703865
AFC Bournemouth, 0-1, Chelsea, 2017, 10, http://www.bbc.com/sport/football/41703867
Brighton & Hove Albion, 1-1, Southampton, 2017, 10, http://www.bbc.com/sport/football/41711698
Leicester City, 2-0, Everton, 2017, 10, http://www.bbc.com/sport/football/41711697
Burnley, 1-0, Newcastle United, 2017, 10, http://www.bbc.com/sport/football/41717330
Stoke City, 2-2, Leicester City, 2017, 11, http://www.bbc.com/sport/football/41785780
Huddersfield Town, 1-0, West Bromwich Albion, 2017, 11, http://www.bbc.com/sport/football/41785782
Newcastle United, 0-1, AFC Bournemouth, 2017, 11, http://www.bbc.com/sport/football/41785783
Southampton, 0-1, Burnley, 2017, 11, http://www.bbc.com/sport/football/41785781
Swansea City, 0-1, Brighton & Hove Albion, 2017, 11, http://www.bbc.com/sport/football/41785784
West Ham United, 1-4, Liverpool, 2017, 11, http://www.bbc.com/sport/football/41785785
Tottenham Hotspur, 0-0, Crystal Palace, 2017, 11, http://www.bbc.com/sport/live/football/40955366
Manchester City, 14:15, Arsenal, 2017, 11, http://www.bbc.com/sport/football/41792812
Chelsea, 16:30, Manchester United, 2017, 11, http://www.bbc.com/sport/football/41792809
Everton, 16:30, Watford, 2017, 11, http://www.bbc.com/sport/football/41792811
